{
  "students": [
    {
      "id": "001",
      "firstName": "Bhavik",
      "lastName": "Taneja",
      "fullName": "Bhavik Taneja",
      "fatherName": "Mr. Dinesh Taneja",
      "grades": [
        2.3,
        4.3,
        5
      ],
      "age": 15,
      "class": "10"
    },
    {
      "id": "002",
      "firstName": "Bharat",
      "lastName": "Badera",
      "fullName": "Bharat Badera",
      "fatherName": "Mr. RadheShyam Badera",
      "grades": [
        2.1,
        4.6,
        5
      ],
      "age": 14,
      "class": "9"
    },
    {
      "id": "003",
      "firstName": "Arvind",
      "lastName": "Gaur",
      "fullName": "Arvind Gaur",
      "fatherName": "Mr. L. S. Gaur",
      "grades": [
        2.5,
        3.3,
        4
      ],
      "age": 18,
      "class": "12"
    },
    {
      "id": "002",
      "firstName": "Amit",
      "lastName": "Tek",
      "fullName": "Amit Tek",
      "fatherName": "Mr. A.K. Tek",
      "grades": [
        2,
        4,
        4
      ],
      "age": 18,
      "class": "12"
    }
  ]
}
