[
  {
    "country": "United States",
    "postalCode": "10001"
  },
  {
    "country": "Canada",
    "postalCode": "A1A 1A1"
  },
  {
    "country": "United Kingdom",
    "postalCode": "SW1A 0AA"
  },
  {
    "country": "Australia",
    "postalCode": "2000"
  },
  {
    "country": "Germany",
    "postalCode": "10115"
  },
  {
    "country": "France",
    "postalCode": "75001"
  },
  {
    "country": "Japan",
    "postalCode": "100-0001"
  },
  {
    "country": "China",
    "postalCode": "100000"
  },
  {
    "country": "India",
    "postalCode": "110001"
  },
  {
    "country": "Brazil",
    "postalCode": "70000-000"
  },
  {
    "country": "Russia",
    "postalCode": "101000"
  },
  {
    "country": "South Africa",
    "postalCode": "0001"
  },
  {
    "country": "Mexico",
    "postalCode": "01000"
  },
  {
    "country": "Argentina",
    "postalCode": "C1002AAA"
  },
  {
    "country": "Saudi Arabia",
    "postalCode": "11564"
  },
  {
    "country": "Nigeria",
    "postalCode": "110001"
  },
  {
    "country": "Spain",
    "postalCode": "28001"
  },
  {
    "country": "Italy",
    "postalCode": "00100"
  },
  {
    "country": "South Korea",
    "postalCode": "03042"
  },
  {
    "country": "Ukraine",
    "postalCode": "01001"
  },
  {
    "country": "Turkey",
    "postalCode": "06100"
  },
  {
    "country": "Thailand",
    "postalCode": "10110"
  },
  {
    "country": "Egypt",
    "postalCode": "11511"
  },
  {
    "country": "Indonesia",
    "postalCode": "10110"
  },
  {
    "country": "Colombia",
    "postalCode": "110221"
  },
  {
    "country": "Poland",
    "postalCode": "00-001"
  },
  {
    "country": "Malaysia",
    "postalCode": "50450"
  },
  {
    "country": "Philippines",
    "postalCode": "1000"
  },
  {
    "country": "Sweden",
    "postalCode": "111 20"
  },
  {
    "country": "Netherlands",
    "postalCode": "1000 AA"
  },
  {
    "country": "Switzerland",
    "postalCode": "3000"
  },
  {
    "country": "Belgium",
    "postalCode": "1000"
  },
  {
    "country": "Austria",
    "postalCode": "1010"
  },
  {
    "country": "Norway",
    "postalCode": "0010"
  },
  {
    "country": "Greece",
    "postalCode": "105 